<?xml version="1.0" encoding="UTF-8"?>

<configuration>
<include resource="org/springframework/boot/logging/logback/defaults.xml" />
	<property name="LOG_PATH" value="logs" />
	<timestamp key="timestamp-by-second" datePattern="'_'HHmmssSSS"/>
	<timestamp key="timestamp-by-day" datePattern="dd-MMM-yyyy"/>
	<appender name="STDOUT"
		class="ch.qos.logback.core.ConsoleAppender">
		<encoder>
			<pattern>%d{dd-MM-yyyy HH:mm:ss.SSS} %magenta([%thread]) %highlight(%-5level) %logger{36}.%M - %msg%n</pattern>
		</encoder>
	</appender>

	<appender name="SAVE-TO-FILE"
		class="ch.qos.logback.core.rolling.RollingFileAppender">
		<!-- <file>${LOG_PATH}/log_%d{dd-MM-yyyy}.log</file> -->
		<encoder
			class="ch.qos.logback.classic.encoder.PatternLayoutEncoder">
			<Pattern>%d{dd-MM-yyyy HH:mm:ss.SSS} [%thread] %-5level	%logger{36}.%M - %msg%n</Pattern>
		</encoder>
		<rollingPolicy
			class="ch.qos.logback.core.rolling.SizeAndTimeBasedRollingPolicy">
			<fileNamePattern>${LOG_PATH}/${timestamp-by-day}/log_%d{yyyyMMdd}_${timestamp-by-second}_%i.log</fileNamePattern>
			<maxFileSize>10MB</maxFileSize>
			<maxHistory>10</maxHistory>
			<totalSizeCap>100MB</totalSizeCap>
		</rollingPolicy>
	</appender>
	<root level="info">
		<appender-ref ref="STDOUT" />
		<appender-ref ref="SAVE-TO-FILE" />
	</root>






</configuration>